texture_name,r,g,b,relative_path
acacia_door_bottom,163,92,57,block/acacia_door_bottom.png
acacia_door_top,168,95,61,block/acacia_door_top.png
acacia_leaves,149,149,149,block/acacia_leaves.png
acacia_log,103,97,87,block/acacia_log.png
acacia_log_top,151,89,55,block/acacia_log_top.png
acacia_planks,168,90,50,block/acacia_planks.png
acacia_sapling,119,118,24,block/acacia_sapling.png
acacia_shelf,156,86,54,block/acacia_shelf.png
acacia_trapdoor,157,87,51,block/acacia_trapdoor.png
activator_rail,115,87,74,block/activator_rail.png
activator_rail_on,143,87,74,block/activator_rail_on.png
allium,159,137,184,block/allium.png
amethyst_block,134,98,191,block/amethyst_block.png
amethyst_cluster,164,127,207,block/amethyst_cluster.png
ancient_debris_side,96,64,56,block/ancient_debris_side.png
ancient_debris_top,95,66,58,block/ancient_debris_top.png
andesite,136,136,137,block/andesite.png
anvil,69,69,69,block/anvil.png
anvil_top,73,73,73,block/anvil_top.png
attached_melon_stem,142,142,142,block/attached_melon_stem.png
attached_pumpkin_stem,139,139,139,block/attached_pumpkin_stem.png
azalea_leaves,90,115,44,block/azalea_leaves.png
azalea_plant,92,110,43,block/azalea_plant.png
azalea_side,94,118,45,block/azalea_side.png
azalea_top,102,125,48,block/azalea_top.png
azure_bluet,169,205,127,block/azure_bluet.png
bamboo_block,127,144,58,block/bamboo_block.png
bamboo_block_top,139,142,62,block/bamboo_block_top.png
bamboo_door_bottom,199,178,85,block/bamboo_door_bottom.png
bamboo_door_top,191,171,81,block/bamboo_door_top.png
bamboo_fence,207,186,89,block/bamboo_fence.png
bamboo_fence_gate,206,186,87,block/bamboo_fence_gate.png
bamboo_fence_gate_particle,207,186,85,block/bamboo_fence_gate_particle.png
bamboo_fence_particle,207,186,85,block/bamboo_fence_particle.png
bamboo_large_leaves,73,118,26,block/bamboo_large_leaves.png
bamboo_mosaic,190,170,78,block/bamboo_mosaic.png
bamboo_planks,193,173,80,block/bamboo_planks.png
bamboo_shelf,182,164,76,block/bamboo_shelf.png
bamboo_singleleaf,100,139,35,block/bamboo_singleleaf.png
bamboo_small_leaves,71,113,26,block/bamboo_small_leaves.png
bamboo_stage0,92,89,36,block/bamboo_stage0.png
bamboo_stalk,94,144,20,block/bamboo_stalk.png
bamboo_trapdoor,199,179,85,block/bamboo_trapdoor.png
barrel_bottom,116,85,49,block/barrel_bottom.png
barrel_side,108,81,50,block/barrel_side.png
barrel_top,135,101,58,block/barrel_top.png
barrel_top_open,93,68,34,block/barrel_top_open.png
basalt_side,73,73,78,block/basalt_side.png
basalt_top,81,81,86,block/basalt_top.png
beacon,118,221,215,block/beacon.png
bedrock,85,85,85,block/bedrock.png
bee_nest_bottom,161,127,88,block/bee_nest_bottom.png
bee_nest_front,183,142,76,block/bee_nest_front.png
bee_nest_front_honey,195,152,76,block/bee_nest_front_honey.png
bee_nest_side,196,151,77,block/bee_nest_side.png
bee_nest_top,202,160,75,block/bee_nest_top.png
beehive_end,181,146,90,block/beehive_end.png
beehive_front,159,128,78,block/beehive_front.png
beehive_front_honey,167,132,74,block/beehive_front_honey.png
beehive_side,157,126,76,block/beehive_side.png
beetroots_stage0,66,138,41,block/beetroots_stage0.png
beetroots_stage1,67,139,41,block/beetroots_stage1.png
beetroots_stage2,69,131,39,block/beetroots_stage2.png
beetroots_stage3,93,92,30,block/beetroots_stage3.png
bell_bottom,189,148,42,block/bell_bottom.png
bell_side,253,229,97,block/bell_side.png
bell_top,253,235,111,block/bell_top.png
big_dripleaf_side,75,98,44,block/big_dripleaf_side.png
big_dripleaf_stem,91,115,46,block/big_dripleaf_stem.png
big_dripleaf_tip,98,125,48,block/big_dripleaf_tip.png
big_dripleaf_top,112,142,52,block/big_dripleaf_top.png
birch_door_bottom,208,194,144,block/birch_door_bottom.png
birch_door_top,220,210,176,block/birch_door_top.png
birch_leaves,131,129,130,block/birch_leaves.png
birch_log,217,215,210,block/birch_log.png
birch_log_top,193,179,135,block/birch_log_top.png
birch_planks,192,175,121,block/birch_planks.png
birch_sapling,128,161,80,block/birch_sapling.png
birch_shelf,175,156,106,block/birch_shelf.png
birch_trapdoor,207,194,157,block/birch_trapdoor.png
black_candle,38,37,58,block/black_candle.png
black_candle_lit,74,49,52,block/black_candle_lit.png
black_concrete,8,10,15,block/black_concrete.png
black_concrete_powder,25,27,32,block/black_concrete_powder.png
black_glazed_terracotta,68,30,32,block/black_glazed_terracotta.png
black_shulker_box,25,25,30,block/black_shulker_box.png
black_stained_glass,25,25,25,block/black_stained_glass.png
black_stained_glass_pane_top,24,24,24,block/black_stained_glass_pane_top.png
black_terracotta,37,23,16,block/black_terracotta.png
black_wool,21,21,26,block/black_wool.png
blackstone,42,36,41,block/blackstone.png
blackstone_top,42,36,42,block/blackstone_top.png
blast_furnace_front,108,108,107,block/blast_furnace_front.png
blast_furnace_front_on,116,111,105,block/blast_furnace_front_on.png
blast_furnace_side,108,107,108,block/blast_furnace_side.png
blast_furnace_top,81,80,81,block/blast_furnace_top.png
blue_candle,57,76,161,block/blue_candle.png
blue_candle_lit,65,85,179,block/blue_candle_lit.png
blue_concrete,45,47,143,block/blue_concrete.png
blue_concrete_powder,70,73,167,block/blue_concrete_powder.png
blue_glazed_terracotta,47,65,139,block/blue_glazed_terracotta.png
blue_ice,116,168,253,block/blue_ice.png
blue_orchid,47,162,168,block/blue_orchid.png
blue_shulker_box,44,46,140,block/blue_shulker_box.png
blue_stained_glass,51,76,178,block/blue_stained_glass.png
blue_stained_glass_pane_top,49,74,171,block/blue_stained_glass_pane_top.png
blue_terracotta,74,60,91,block/blue_terracotta.png
blue_wool,53,57,157,block/blue_wool.png
bone_block_side,229,226,208,block/bone_block_side.png
bone_block_top,210,206,179,block/bone_block_top.png
bookshelf,117,95,60,block/bookshelf.png
brain_coral,198,85,152,block/brain_coral.png
brain_coral_block,207,91,159,block/brain_coral_block.png
brain_coral_fan,203,84,154,block/brain_coral_fan.png
brewing_stand,122,101,81,block/brewing_stand.png
brewing_stand_base,117,106,106,block/brewing_stand_base.png
bricks,151,98,83,block/bricks.png
brown_candle,112,70,41,block/brown_candle.png
brown_candle_lit,148,96,52,block/brown_candle_lit.png
brown_concrete,96,60,32,block/brown_concrete.png
brown_concrete_powder,126,85,54,block/brown_concrete_powder.png
brown_glazed_terracotta,120,106,86,block/brown_glazed_terracotta.png
brown_mushroom,154,117,92,block/brown_mushroom.png
brown_mushroom_block,149,112,81,block/brown_mushroom_block.png
brown_shulker_box,106,66,36,block/brown_shulker_box.png
brown_stained_glass,102,76,51,block/brown_stained_glass.png
brown_stained_glass_pane_top,98,74,49,block/brown_stained_glass_pane_top.png
brown_terracotta,77,51,36,block/brown_terracotta.png
brown_wool,114,72,41,block/brown_wool.png
bubble_coral,161,24,160,block/bubble_coral.png
bubble_coral_block,165,26,162,block/bubble_coral_block.png
bubble_coral_fan,160,33,159,block/bubble_coral_fan.png
budding_amethyst,132,96,187,block/budding_amethyst.png
bush,120,121,120,block/bush.png
cactus_bottom,143,170,86,block/cactus_bottom.png
cactus_flower,210,121,135,block/cactus_flower.png
cactus_side,89,130,45,block/cactus_side.png
cactus_top,86,127,43,block/cactus_top.png
cake_bottom,134,62,33,block/cake_bottom.png
cake_inner,134,85,61,block/cake_inner.png
cake_side,203,152,122,block/cake_side.png
cake_top,248,223,214,block/cake_top.png
calcite,223,224,221,block/calcite.png
calibrated_sculk_sensor_amethyst,199,160,225,block/calibrated_sculk_sensor_amethyst.png
calibrated_sculk_sensor_input_side,60,70,102,block/calibrated_sculk_sensor_input_side.png
calibrated_sculk_sensor_top,28,79,101,block/calibrated_sculk_sensor_top.png
campfire_fire,219,158,58,block/campfire_fire.png
campfire_log,79,75,68,block/campfire_log.png
campfire_log_lit,111,88,54,block/campfire_log_lit.png
candle,232,201,153,block/candle.png
candle_lit,235,210,174,block/candle_lit.png
carrots_stage0,45,110,40,block/carrots_stage0.png
carrots_stage1,53,120,40,block/carrots_stage1.png
carrots_stage2,57,114,38,block/carrots_stage2.png
carrots_stage3,82,124,38,block/carrots_stage3.png
cartography_table_side1,70,50,34,block/cartography_table_side1.png
cartography_table_side2,82,62,42,block/cartography_table_side2.png
cartography_table_side3,68,44,20,block/cartography_table_side3.png
cartography_table_top,103,87,67,block/cartography_table_top.png
carved_pumpkin,150,84,17,block/carved_pumpkin.png
cauldron_bottom,40,40,45,block/cauldron_bottom.png
cauldron_inner,49,49,53,block/cauldron_inner.png
cauldron_side,74,73,75,block/cauldron_side.png
cauldron_top,74,73,74,block/cauldron_top.png
cave_vines,90,109,41,block/cave_vines.png
cave_vines_lit,105,113,42,block/cave_vines_lit.png
cave_vines_plant,88,102,38,block/cave_vines_plant.png
cave_vines_plant_lit,105,107,40,block/cave_vines_plant_lit.png
chain_command_block_back,130,157,145,block/chain_command_block_back.png
chain_command_block_conditional,130,162,147,block/chain_command_block_conditional.png
chain_command_block_front,132,165,151,block/chain_command_block_front.png
chain_command_block_side,131,161,147,block/chain_command_block_side.png
cherry_door_bottom,226,176,170,block/cherry_door_bottom.png
cherry_door_top,223,171,165,block/cherry_door_top.png
cherry_leaves,229,173,194,block/cherry_leaves.png
cherry_log,55,33,44,block/cherry_log.png
cherry_log_top,185,141,137,block/cherry_log_top.png
cherry_planks,227,179,173,block/cherry_planks.png
cherry_sapling,164,118,143,block/cherry_sapling.png
cherry_shelf,203,130,129,block/cherry_shelf.png
cherry_trapdoor,226,179,172,block/cherry_trapdoor.png
chipped_anvil_top,73,73,73,block/chipped_anvil_top.png
chiseled_bookshelf_empty,90,71,42,block/chiseled_bookshelf_empty.png
chiseled_bookshelf_occupied,121,94,70,block/chiseled_bookshelf_occupied.png
chiseled_bookshelf_side,175,142,86,block/chiseled_bookshelf_side.png
chiseled_bookshelf_top,178,145,89,block/chiseled_bookshelf_top.png
chiseled_copper,184,101,74,block/chiseled_copper.png
chiseled_deepslate,54,54,55,block/chiseled_deepslate.png
chiseled_nether_bricks,46,23,27,block/chiseled_nether_bricks.png
chiseled_polished_blackstone,54,49,57,block/chiseled_polished_blackstone.png
chiseled_quartz_block,232,227,218,block/chiseled_quartz_block.png
chiseled_quartz_block_top,232,227,217,block/chiseled_quartz_block_top.png
chiseled_red_sandstone,183,97,28,block/chiseled_red_sandstone.png
chiseled_resin_bricks,201,84,25,block/chiseled_resin_bricks.png
chiseled_sandstone,216,203,155,block/chiseled_sandstone.png
chiseled_stone_bricks,120,119,120,block/chiseled_stone_bricks.png
chiseled_tuff,89,94,87,block/chiseled_tuff.png
chiseled_tuff_bricks,99,103,96,block/chiseled_tuff_bricks.png
chiseled_tuff_bricks_top,111,114,107,block/chiseled_tuff_bricks_top.png
chiseled_tuff_top,94,99,91,block/chiseled_tuff_top.png
chorus_flower,151,121,152,block/chorus_flower.png
chorus_flower_dead,97,61,95,block/chorus_flower_dead.png
chorus_plant,94,57,94,block/chorus_plant.png
clay,161,166,179,block/clay.png
closed_eyeblossom,108,98,101,block/closed_eyeblossom.png
coal_block,16,16,16,block/coal_block.png
coal_ore,106,106,105,block/coal_ore.png
coarse_dirt,119,86,59,block/coarse_dirt.png
cobbled_deepslate,77,77,81,block/cobbled_deepslate.png
cobblestone,128,127,128,block/cobblestone.png
cobweb,229,233,234,block/cobweb.png
cocoa_stage0,133,135,62,block/cocoa_stage0.png
cocoa_stage1,146,111,56,block/cocoa_stage1.png
cocoa_stage2,154,92,41,block/cocoa_stage2.png
command_block_back,174,131,107,block/command_block_back.png
command_block_conditional,179,133,106,block/command_block_conditional.png
command_block_front,181,136,108,block/command_block_front.png
command_block_side,177,133,108,block/command_block_side.png
comparator,166,162,160,block/comparator.png
comparator_on,176,160,158,block/comparator_on.png
composter_bottom,117,72,32,block/composter_bottom.png
composter_compost,89,61,24,block/composter_compost.png
composter_ready,117,93,56,block/composter_ready.png
composter_side,112,70,32,block/composter_side.png
composter_top,153,99,52,block/composter_top.png
conduit,160,140,113,block/conduit.png
copper_bars,156,81,55,block/copper_bars.png
copper_block,192,108,80,block/copper_block.png
copper_bulb,156,87,57,block/copper_bulb.png
copper_bulb_lit,216,151,107,block/copper_bulb_lit.png
copper_bulb_lit_powered,216,150,106,block/copper_bulb_lit_powered.png
copper_bulb_powered,157,86,57,block/copper_bulb_powered.png
copper_chain,152,79,55,block/copper_chain.png
copper_door_bottom,181,103,77,block/copper_door_bottom.png
copper_door_top,193,109,83,block/copper_door_top.png
copper_grate,192,108,79,block/copper_grate.png
copper_lantern,158,108,76,block/copper_lantern.png
copper_ore,125,126,120,block/copper_ore.png
copper_torch,117,110,73,block/copper_torch.png
copper_trapdoor,191,106,80,block/copper_trapdoor.png
cornflower,80,121,147,block/cornflower.png
cracked_deepslate_bricks,65,65,65,block/cracked_deepslate_bricks.png
cracked_deepslate_tiles,53,53,53,block/cracked_deepslate_tiles.png
cracked_nether_bricks,40,20,24,block/cracked_nether_bricks.png
cracked_polished_blackstone_bricks,44,38,44,block/cracked_polished_blackstone_bricks.png
cracked_stone_bricks,118,118,118,block/cracked_stone_bricks.png
crafter_bottom,79,79,79,block/crafter_bottom.png
crafter_east,127,114,93,block/crafter_east.png
crafter_east_crafting,129,114,93,block/crafter_east_crafting.png
crafter_east_triggered,129,114,93,block/crafter_east_triggered.png
crafter_north,114,109,101,block/crafter_north.png
crafter_north_crafting,104,96,82,block/crafter_north_crafting.png
crafter_south,123,112,97,block/crafter_south.png
crafter_south_triggered,126,113,97,block/crafter_south_triggered.png
crafter_top,112,99,100,block/crafter_top.png
crafter_top_crafting,140,100,100,block/crafter_top_crafting.png
crafter_top_triggered,115,99,100,block/crafter_top_triggered.png
crafter_west,129,115,95,block/crafter_west.png
crafter_west_crafting,130,116,95,block/crafter_west_crafting.png
crafter_west_triggered,130,115,95,block/crafter_west_triggered.png
crafting_table_front,129,106,70,block/crafting_table_front.png
crafting_table_side,129,103,63,block/crafting_table_side.png
crafting_table_top,120,73,42,block/crafting_table_top.png
creaking_heart,82,68,63,block/creaking_heart.png
creaking_heart_awake,150,84,49,block/creaking_heart_awake.png
creaking_heart_dormant,102,66,49,block/creaking_heart_dormant.png
creaking_heart_top,73,60,54,block/creaking_heart_top.png
creaking_heart_top_awake,153,84,45,block/creaking_heart_top_awake.png
creaking_heart_top_dormant,102,65,45,block/creaking_heart_top_dormant.png
crimson_door_bottom,115,55,79,block/crimson_door_bottom.png
crimson_door_top,114,55,79,block/crimson_door_top.png
crimson_fungus,141,44,30,block/crimson_fungus.png
crimson_nylium,131,31,31,block/crimson_nylium.png
crimson_nylium_side,107,27,27,block/crimson_nylium_side.png
crimson_planks,101,49,71,block/crimson_planks.png
crimson_roots,126,8,42,block/crimson_roots.png
crimson_roots_pot,127,8,42,block/crimson_roots_pot.png
crimson_shelf,129,52,83,block/crimson_shelf.png
crimson_stem,93,26,30,block/crimson_stem.png
crimson_stem_top,113,50,70,block/crimson_stem_top.png
crimson_trapdoor,104,51,72,block/crimson_trapdoor.png
crying_obsidian,33,10,60,block/crying_obsidian.png
cut_copper,191,107,81,block/cut_copper.png
cut_red_sandstone,189,102,32,block/cut_red_sandstone.png
cut_sandstone,218,206,160,block/cut_sandstone.png
cyan_candle,17,124,124,block/cyan_candle.png
cyan_candle_lit,43,147,135,block/cyan_candle_lit.png
cyan_concrete,21,119,136,block/cyan_concrete.png
cyan_concrete_powder,37,148,157,block/cyan_concrete_powder.png
cyan_glazed_terracotta,52,119,125,block/cyan_glazed_terracotta.png
cyan_shulker_box,20,121,135,block/cyan_shulker_box.png
cyan_stained_glass,76,127,153,block/cyan_stained_glass.png
cyan_stained_glass_pane_top,74,123,147,block/cyan_stained_glass_pane_top.png
cyan_terracotta,87,91,91,block/cyan_terracotta.png
cyan_wool,21,138,145,block/cyan_wool.png
damaged_anvil_top,72,72,72,block/damaged_anvil_top.png
dandelion,148,172,43,block/dandelion.png
dark_oak_door_bottom,73,49,24,block/dark_oak_door_bottom.png
dark_oak_door_top,77,52,25,block/dark_oak_door_top.png
dark_oak_leaves,151,151,151,block/dark_oak_leaves.png
dark_oak_log,60,47,26,block/dark_oak_log.png
dark_oak_log_top,68,45,22,block/dark_oak_log_top.png
dark_oak_planks,67,43,20,block/dark_oak_planks.png
dark_oak_sapling,61,91,31,block/dark_oak_sapling.png
dark_oak_shelf,66,51,33,block/dark_oak_shelf.png
dark_oak_trapdoor,75,50,23,block/dark_oak_trapdoor.png
dark_prismarine,52,92,76,block/dark_prismarine.png
daylight_detector_inverted_top,106,109,113,block/daylight_detector_inverted_top.png
daylight_detector_side,67,55,36,block/daylight_detector_side.png
daylight_detector_top,131,116,95,block/daylight_detector_top.png
dead_brain_coral,134,125,121,block/dead_brain_coral.png
dead_brain_coral_block,124,118,114,block/dead_brain_coral_block.png
dead_brain_coral_fan,133,125,121,block/dead_brain_coral_fan.png
dead_bubble_coral,133,125,121,block/dead_bubble_coral.png
dead_bubble_coral_block,132,124,119,block/dead_bubble_coral_block.png
dead_bubble_coral_fan,141,135,130,block/dead_bubble_coral_fan.png
dead_bush,107,79,41,block/dead_bush.png
dead_fire_coral,137,128,124,block/dead_fire_coral.png
dead_fire_coral_block,132,124,120,block/dead_fire_coral_block.png
dead_fire_coral_fan,125,118,115,block/dead_fire_coral_fan.png
dead_horn_coral,143,135,130,block/dead_horn_coral.png
dead_horn_coral_block,134,126,122,block/dead_horn_coral_block.png
dead_horn_coral_fan,134,126,121,block/dead_horn_coral_fan.png
dead_tube_coral,118,111,108,block/dead_tube_coral.png
dead_tube_coral_block,130,123,120,block/dead_tube_coral_block.png
dead_tube_coral_fan,128,122,118,block/dead_tube_coral_fan.png
debug,133,148,153,block/debug.png
debug2,124,120,118,block/debug2.png
deepslate,80,80,83,block/deepslate.png
deepslate_bricks,71,71,71,block/deepslate_bricks.png
deepslate_coal_ore,74,74,76,block/deepslate_coal_ore.png
deepslate_copper_ore,92,93,89,block/deepslate_copper_ore.png
deepslate_diamond_ore,83,106,107,block/deepslate_diamond_ore.png
deepslate_emerald_ore,78,104,88,block/deepslate_emerald_ore.png
deepslate_gold_ore,115,103,78,block/deepslate_gold_ore.png
deepslate_iron_ore,107,100,95,block/deepslate_iron_ore.png
deepslate_lapis_ore,80,91,115,block/deepslate_lapis_ore.png
deepslate_redstone_ore,105,73,75,block/deepslate_redstone_ore.png
deepslate_tiles,55,55,55,block/deepslate_tiles.png
deepslate_top,87,87,89,block/deepslate_top.png
destroy_stage_0,253,253,253,block/destroy_stage_0.png
destroy_stage_1,249,249,249,block/destroy_stage_1.png
destroy_stage_2,244,244,244,block/destroy_stage_2.png
destroy_stage_3,238,238,238,block/destroy_stage_3.png
destroy_stage_4,231,231,231,block/destroy_stage_4.png
destroy_stage_5,222,222,222,block/destroy_stage_5.png
destroy_stage_6,213,213,213,block/destroy_stage_6.png
destroy_stage_7,195,195,195,block/destroy_stage_7.png
destroy_stage_8,178,178,178,block/destroy_stage_8.png
destroy_stage_9,168,168,168,block/destroy_stage_9.png
detector_rail,123,105,90,block/detector_rail.png
detector_rail_on,137,103,89,block/detector_rail_on.png
diamond_block,98,237,228,block/diamond_block.png
diamond_ore,121,141,141,block/diamond_ore.png
diorite,189,188,189,block/diorite.png
dirt,134,96,67,block/dirt.png
dirt_path_side,137,101,67,block/dirt_path_side.png
dirt_path_top,148,122,65,block/dirt_path_top.png
dispenser_front,122,122,122,block/dispenser_front.png
dispenser_front_vertical,99,98,98,block/dispenser_front_vertical.png
dragon_egg,13,9,16,block/dragon_egg.png
dried_ghast_hydration_0_bottom,146,136,136,block/dried_ghast_hydration_0_bottom.png
dried_ghast_hydration_0_east,159,145,145,block/dried_ghast_hydration_0_east.png
dried_ghast_hydration_0_north,158,144,144,block/dried_ghast_hydration_0_north.png
dried_ghast_hydration_0_south,159,146,146,block/dried_ghast_hydration_0_south.png
dried_ghast_hydration_0_tentacles,119,117,117,block/dried_ghast_hydration_0_tentacles.png
dried_ghast_hydration_0_top,159,145,145,block/dried_ghast_hydration_0_top.png
dried_ghast_hydration_0_west,163,148,148,block/dried_ghast_hydration_0_west.png
dried_ghast_hydration_1_bottom,167,159,159,block/dried_ghast_hydration_1_bottom.png
dried_ghast_hydration_1_east,179,168,168,block/dried_ghast_hydration_1_east.png
dried_ghast_hydration_1_north,179,168,168,block/dried_ghast_hydration_1_north.png
dried_ghast_hydration_1_south,177,167,167,block/dried_ghast_hydration_1_south.png
dried_ghast_hydration_1_tentacles,145,142,142,block/dried_ghast_hydration_1_tentacles.png
dried_ghast_hydration_1_top,179,168,168,block/dried_ghast_hydration_1_top.png
dried_ghast_hydration_1_west,182,171,171,block/dried_ghast_hydration_1_west.png
dried_ghast_hydration_2_bottom,189,183,183,block/dried_ghast_hydration_2_bottom.png
dried_ghast_hydration_2_east,199,192,192,block/dried_ghast_hydration_2_east.png
dried_ghast_hydration_2_north,199,191,191,block/dried_ghast_hydration_2_north.png
dried_ghast_hydration_2_south,197,190,190,block/dried_ghast_hydration_2_south.png
dried_ghast_hydration_2_tentacles,171,169,169,block/dried_ghast_hydration_2_tentacles.png
dried_ghast_hydration_2_top,199,192,192,block/dried_ghast_hydration_2_top.png
dried_ghast_hydration_2_west,202,195,195,block/dried_ghast_hydration_2_west.png
dried_ghast_hydration_3_bottom,235,232,232,block/dried_ghast_hydration_3_bottom.png
dried_ghast_hydration_3_east,241,241,241,block/dried_ghast_hydration_3_east.png
dried_ghast_hydration_3_north,239,239,239,block/dried_ghast_hydration_3_north.png
dried_ghast_hydration_3_south,240,239,239,block/dried_ghast_hydration_3_south.png
dried_ghast_hydration_3_tentacles,224,221,221,block/dried_ghast_hydration_3_tentacles.png
dried_ghast_hydration_3_top,241,240,240,block/dried_ghast_hydration_3_top.png
dried_ghast_hydration_3_west,243,243,243,block/dried_ghast_hydration_3_west.png
dried_kelp_bottom,50,59,39,block/dried_kelp_bottom.png
dried_kelp_side,38,49,30,block/dried_kelp_side.png
dried_kelp_top,50,59,39,block/dried_kelp_top.png
dripstone_block,134,108,93,block/dripstone_block.png
dropper_front,122,122,122,block/dropper_front.png
dropper_front_vertical,98,97,97,block/dropper_front_vertical.png
emerald_block,42,203,88,block/emerald_block.png
emerald_ore,108,136,116,block/emerald_ore.png
enchanting_table_bottom,15,11,25,block/enchanting_table_bottom.png
enchanting_table_side,50,46,57,block/enchanting_table_side.png
enchanting_table_top,129,75,85,block/enchanting_table_top.png
end_portal_frame_eye,36,70,62,block/end_portal_frame_eye.png
end_portal_frame_side,151,163,123,block/end_portal_frame_side.png
end_portal_frame_top,91,121,97,block/end_portal_frame_top.png
end_rod,208,198,187,block/end_rod.png
end_stone,220,223,158,block/end_stone.png
end_stone_bricks,218,224,162,block/end_stone_bricks.png
exposed_chiseled_copper,155,119,101,block/exposed_chiseled_copper.png
exposed_copper,161,126,104,block/exposed_copper.png
exposed_copper_bars,134,108,89,block/exposed_copper_bars.png
exposed_copper_bulb,135,108,90,block/exposed_copper_bulb.png
exposed_copper_bulb_lit,194,145,100,block/exposed_copper_bulb_lit.png
exposed_copper_bulb_lit_powered,195,144,99,block/exposed_copper_bulb_lit_powered.png
exposed_copper_bulb_powered,136,106,89,block/exposed_copper_bulb_powered.png
exposed_copper_chain,126,102,84,block/exposed_copper_chain.png
exposed_copper_door_bottom,153,118,100,block/exposed_copper_door_bottom.png
exposed_copper_door_top,164,123,106,block/exposed_copper_door_top.png
exposed_copper_grate,162,126,105,block/exposed_copper_grate.png
exposed_copper_lantern,148,131,105,block/exposed_copper_lantern.png
exposed_copper_trapdoor,161,125,105,block/exposed_copper_trapdoor.png
exposed_cut_copper,155,122,101,block/exposed_cut_copper.png
exposed_lightning_rod,159,120,104,block/exposed_lightning_rod.png
farmland,143,103,71,block/farmland.png
farmland_moist,82,44,15,block/farmland_moist.png
fern,124,125,124,block/fern.png
fire_0,212,140,54,block/fire_0.png
fire_1,211,138,50,block/fire_1.png
fire_coral,167,38,47,block/fire_coral.png
fire_coral_block,164,35,47,block/fire_coral_block.png
fire_coral_fan,159,35,46,block/fire_coral_fan.png
firefly_bush,88,83,43,block/firefly_bush.png
firefly_bush_emissive,193,192,159,block/firefly_bush_emissive.png
fletching_table_front,173,155,111,block/fletching_table_front.png
fletching_table_side,192,167,130,block/fletching_table_side.png
fletching_table_top,197,180,133,block/fletching_table_top.png
flower_pot,124,69,53,block/flower_pot.png
flowering_azalea_leaves,100,111,61,block/flowering_azalea_leaves.png
flowering_azalea_side,111,113,73,block/flowering_azalea_side.png
flowering_azalea_top,112,122,64,block/flowering_azalea_top.png
frogspawn,110,95,87,block/frogspawn.png
frosted_ice_0,140,181,253,block/frosted_ice_0.png
frosted_ice_1,140,181,253,block/frosted_ice_1.png
frosted_ice_2,138,180,252,block/frosted_ice_2.png
frosted_ice_3,135,178,252,block/frosted_ice_3.png
furnace_front,92,91,91,block/furnace_front.png
furnace_front_on,121,113,94,block/furnace_front_on.png
furnace_side,121,120,120,block/furnace_side.png
furnace_top,110,110,110,block/furnace_top.png
gilded_blackstone,56,43,38,block/gilded_blackstone.png
glass,176,214,219,block/glass.png
glass_pane_top,170,210,217,block/glass_pane_top.png
glow_item_frame,148,103,64,block/glow_item_frame.png
glow_lichen,112,131,122,block/glow_lichen.png
glowstone,172,131,84,block/glowstone.png
gold_block,246,208,62,block/gold_block.png
gold_ore,145,134,107,block/gold_ore.png
granite,149,103,86,block/granite.png
grass_block_side,127,107,66,block/grass_block_side.png
grass_block_side_overlay,155,155,155,block/grass_block_side_overlay.png
grass_block_snow,170,151,133,block/grass_block_snow.png
grass_block_top,147,147,147,block/grass_block_top.png
gravel,132,127,127,block/gravel.png
gray_candle,80,94,97,block/gray_candle.png
gray_candle_lit,118,122,108,block/gray_candle_lit.png
gray_concrete,55,58,62,block/gray_concrete.png
gray_concrete_powder,77,81,85,block/gray_concrete_powder.png
gray_glazed_terracotta,83,90,94,block/gray_glazed_terracotta.png
gray_shulker_box,55,59,62,block/gray_shulker_box.png
gray_stained_glass,76,76,76,block/gray_stained_glass.png
gray_stained_glass_pane_top,74,74,74,block/gray_stained_glass_pane_top.png
gray_terracotta,58,42,36,block/gray_terracotta.png
gray_wool,63,68,72,block/gray_wool.png
green_candle,73,96,21,block/green_candle.png
green_candle_lit,101,115,22,block/green_candle_lit.png
green_concrete,73,91,36,block/green_concrete.png
green_concrete_powder,97,119,45,block/green_concrete_powder.png
green_glazed_terracotta,117,142,67,block/green_glazed_terracotta.png
green_shulker_box,79,101,32,block/green_shulker_box.png
green_stained_glass,102,127,51,block/green_stained_glass.png
green_stained_glass_pane_top,98,123,49,block/green_stained_glass_pane_top.png
green_terracotta,76,83,42,block/green_terracotta.png
green_wool,85,110,28,block/green_wool.png
grindstone_pivot,73,46,21,block/grindstone_pivot.png
grindstone_round,142,142,142,block/grindstone_round.png
grindstone_side,140,140,140,block/grindstone_side.png
hanging_roots,161,115,92,block/hanging_roots.png
hay_block_side,166,136,38,block/hay_block_side.png
hay_block_top,166,139,12,block/hay_block_top.png
heavy_core,82,86,94,block/heavy_core.png
honey_block_bottom,241,146,18,block/honey_block_bottom.png
honey_block_side,251,188,58,block/honey_block_side.png
honey_block_top,251,185,53,block/honey_block_top.png
honeycomb_block,229,148,30,block/honeycomb_block.png
hopper_inside,49,49,53,block/hopper_inside.png
hopper_outside,67,66,68,block/hopper_outside.png
hopper_top,76,74,76,block/hopper_top.png
horn_coral,209,186,63,block/horn_coral.png
horn_coral_block,216,200,66,block/horn_coral_block.png
horn_coral_fan,206,183,61,block/horn_coral_fan.png
ice,146,184,254,block/ice.png
iron_bars,137,139,136,block/iron_bars.png
iron_block,220,220,220,block/iron_block.png
iron_chain,51,58,74,block/iron_chain.png
iron_door_bottom,196,195,195,block/iron_door_bottom.png
iron_door_top,194,193,193,block/iron_door_top.png
iron_ore,136,129,123,block/iron_ore.png
iron_trapdoor,203,202,202,block/iron_trapdoor.png
item_frame,117,67,43,block/item_frame.png
jack_o_lantern,215,152,53,block/jack_o_lantern.png
jigsaw_bottom,34,27,37,block/jigsaw_bottom.png
jigsaw_lock,45,38,47,block/jigsaw_lock.png
jigsaw_side,62,54,63,block/jigsaw_side.png
jigsaw_top,80,70,81,block/jigsaw_top.png
jukebox_side,89,59,41,block/jukebox_side.png
jukebox_top,94,64,47,block/jukebox_top.png
jungle_door_bottom,158,114,79,block/jungle_door_bottom.png
jungle_door_top,164,120,85,block/jungle_door_top.png
jungle_leaves,157,154,144,block/jungle_leaves.png
jungle_log,85,68,25,block/jungle_log.png
jungle_log_top,150,109,71,block/jungle_log_top.png
jungle_planks,160,115,81,block/jungle_planks.png
jungle_sapling,48,81,17,block/jungle_sapling.png
jungle_shelf,156,122,74,block/jungle_shelf.png
jungle_trapdoor,153,110,77,block/jungle_trapdoor.png
kelp,87,140,45,block/kelp.png
kelp_plant,87,130,43,block/kelp_plant.png
ladder,125,97,55,block/ladder.png
lantern,106,91,84,block/lantern.png
lapis_block,31,67,140,block/lapis_block.png
lapis_ore,107,118,141,block/lapis_ore.png
large_amethyst_bud,161,126,203,block/large_amethyst_bud.png
large_fern_bottom,132,132,132,block/large_fern_bottom.png
large_fern_top,125,126,125,block/large_fern_top.png
lava_flow,207,92,20,block/lava_flow.png
lava_still,212,90,18,block/lava_still.png
leaf_litter,171,171,171,block/leaf_litter.png
lectern_base,163,121,74,block/lectern_base.png
lectern_front,130,101,56,block/lectern_front.png
lectern_sides,150,117,68,block/lectern_sides.png
lectern_top,174,138,83,block/lectern_top.png
lever,111,93,67,block/lever.png
light_blue_candle,35,138,197,block/light_blue_candle.png
light_blue_candle_lit,70,162,202,block/light_blue_candle_lit.png
light_blue_concrete,36,137,199,block/light_blue_concrete.png
light_blue_concrete_powder,74,181,213,block/light_blue_concrete_powder.png
light_blue_glazed_terracotta,95,165,209,block/light_blue_glazed_terracotta.png
light_blue_shulker_box,49,164,212,block/light_blue_shulker_box.png
light_blue_stained_glass,102,153,216,block/light_blue_stained_glass.png
light_blue_stained_glass_pane_top,98,147,209,block/light_blue_stained_glass_pane_top.png
light_blue_terracotta,113,109,138,block/light_blue_terracotta.png
light_blue_wool,58,175,217,block/light_blue_wool.png
light_gray_candle,118,121,112,block/light_gray_candle.png
light_gray_candle_lit,152,147,126,block/light_gray_candle_lit.png
light_gray_concrete,125,125,115,block/light_gray_concrete.png
light_gray_concrete_powder,155,155,148,block/light_gray_concrete_powder.png
light_gray_glazed_terracotta,144,166,168,block/light_gray_glazed_terracotta.png
light_gray_shulker_box,124,124,115,block/light_gray_shulker_box.png
light_gray_stained_glass,153,153,153,block/light_gray_stained_glass.png
light_gray_stained_glass_pane_top,147,147,147,block/light_gray_stained_glass_pane_top.png
light_gray_terracotta,135,107,98,block/light_gray_terracotta.png
light_gray_wool,142,142,135,block/light_gray_wool.png
lightning_rod,197,111,83,block/lightning_rod.png
lightning_rod_on,255,255,255,block/lightning_rod_on.png
lilac_bottom,137,124,127,block/lilac_bottom.png
lilac_top,155,125,147,block/lilac_top.png
lily_of_the_valley,123,175,95,block/lily_of_the_valley.png
lily_pad,134,134,134,block/lily_pad.png
lime_candle,98,172,23,block/lime_candle.png
lime_candle_lit,124,181,31,block/lime_candle_lit.png
lime_concrete,94,169,24,block/lime_concrete.png
lime_concrete_powder,125,189,42,block/lime_concrete_powder.png
lime_glazed_terracotta,163,198,55,block/lime_glazed_terracotta.png
lime_shulker_box,100,173,23,block/lime_shulker_box.png
lime_stained_glass,127,204,25,block/lime_stained_glass.png
lime_stained_glass_pane_top,123,197,24,block/lime_stained_glass_pane_top.png
lime_terracotta,104,118,53,block/lime_terracotta.png
lime_wool,112,185,26,block/lime_wool.png
lodestone_side,119,120,123,block/lodestone_side.png
lodestone_top,147,149,153,block/lodestone_top.png
loom_bottom,76,60,36,block/loom_bottom.png
loom_front,148,119,82,block/loom_front.png
loom_side,146,101,72,block/loom_side.png
loom_top,142,119,92,block/loom_top.png
magenta_candle,161,46,153,block/magenta_candle.png
magenta_candle_lit,182,70,162,block/magenta_candle_lit.png
magenta_concrete,169,48,159,block/magenta_concrete.png
magenta_concrete_powder,193,84,185,block/magenta_concrete_powder.png
magenta_glazed_terracotta,208,100,192,block/magenta_glazed_terracotta.png
magenta_shulker_box,174,54,164,block/magenta_shulker_box.png
magenta_stained_glass,178,76,216,block/magenta_stained_glass.png
magenta_stained_glass_pane_top,171,74,209,block/magenta_stained_glass_pane_top.png
magenta_terracotta,150,88,109,block/magenta_terracotta.png
magenta_wool,190,69,180,block/magenta_wool.png
magma,143,63,32,block/magma.png
mangrove_door_bottom,112,48,46,block/mangrove_door_bottom.png
mangrove_door_top,113,49,47,block/mangrove_door_top.png
mangrove_leaves,130,129,129,block/mangrove_leaves.png
mangrove_log,84,67,41,block/mangrove_log.png
mangrove_log_top,103,49,42,block/mangrove_log_top.png
mangrove_planks,118,54,49,block/mangrove_planks.png
mangrove_propagule,96,175,84,block/mangrove_propagule.png
mangrove_propagule_hanging,109,135,70,block/mangrove_propagule_hanging.png
mangrove_roots_side,75,60,38,block/mangrove_roots_side.png
mangrove_roots_top,75,60,39,block/mangrove_roots_top.png
mangrove_shelf,109,45,42,block/mangrove_shelf.png
mangrove_trapdoor,111,47,42,block/mangrove_trapdoor.png
medium_amethyst_bud,158,120,202,block/medium_amethyst_bud.png
melon_side,114,146,30,block/melon_side.png
melon_stem,154,154,154,block/melon_stem.png
melon_top,111,145,31,block/melon_top.png
moss_block,89,110,45,block/moss_block.png
mossy_cobblestone,110,118,95,block/mossy_cobblestone.png
mossy_stone_bricks,115,121,105,block/mossy_stone_bricks.png
mud,60,57,61,block/mud.png
mud_bricks,137,104,79,block/mud_bricks.png
muddy_mangrove_roots_side,68,59,48,block/muddy_mangrove_roots_side.png
muddy_mangrove_roots_top,70,59,45,block/muddy_mangrove_roots_top.png
mushroom_block_inside,202,170,120,block/mushroom_block_inside.png
mushroom_stem,203,197,186,block/mushroom_stem.png
mycelium_side,114,88,72,block/mycelium_side.png
mycelium_top,111,99,101,block/mycelium_top.png
nether_bricks,44,22,26,block/nether_bricks.png
nether_gold_ore,115,55,42,block/nether_gold_ore.png
nether_portal,87,11,191,block/nether_portal.png
nether_quartz_ore,118,66,62,block/nether_quartz_ore.png
nether_sprouts,20,151,133,block/nether_sprouts.png
nether_wart_block,115,3,2,block/nether_wart_block.png
nether_wart_stage0,118,19,22,block/nether_wart_stage0.png
nether_wart_stage1,116,17,19,block/nether_wart_stage1.png
nether_wart_stage2,111,18,19,block/nether_wart_stage2.png
netherite_block,67,61,64,block/netherite_block.png
netherrack,98,38,38,block/netherrack.png
note_block,89,59,41,block/note_block.png
oak_door_bottom,139,108,62,block/oak_door_bottom.png
oak_door_top,141,111,66,block/oak_door_top.png
oak_leaves,144,144,144,block/oak_leaves.png
oak_log,109,85,51,block/oak_log.png
oak_log_top,151,122,73,block/oak_log_top.png
oak_planks,162,131,79,block/oak_planks.png
oak_sapling,78,107,41,block/oak_sapling.png
oak_shelf,145,115,67,block/oak_shelf.png
oak_trapdoor,125,99,57,block/oak_trapdoor.png
observer_back,72,70,70,block/observer_back.png
observer_back_on,76,68,68,block/observer_back_on.png
observer_front,104,103,103,block/observer_front.png
observer_side,70,69,69,block/observer_side.png
observer_top,98,98,98,block/observer_top.png
obsidian,15,11,25,block/obsidian.png
ochre_froglight_side,245,233,182,block/ochre_froglight_side.png
ochre_froglight_top,251,245,206,block/ochre_froglight_top.png
open_eyeblossom,133,125,128,block/open_eyeblossom.png
open_eyeblossom_emissive,238,138,38,block/open_eyeblossom_emissive.png
orange_candle,219,100,9,block/orange_candle.png
orange_candle_lit,227,131,27,block/orange_candle_lit.png
orange_concrete,224,97,1,block/orange_concrete.png
orange_concrete_powder,227,132,32,block/orange_concrete_powder.png
orange_glazed_terracotta,155,147,92,block/orange_glazed_terracotta.png
orange_shulker_box,234,106,9,block/orange_shulker_box.png
orange_stained_glass,216,127,51,block/orange_stained_glass.png
orange_stained_glass_pane_top,209,123,49,block/orange_stained_glass_pane_top.png
orange_terracotta,162,84,38,block/orange_terracotta.png
orange_tulip,93,142,31,block/orange_tulip.png
orange_wool,241,118,20,block/orange_wool.png
oxeye_daisy,179,202,143,block/oxeye_daisy.png
oxidized_chiseled_copper,84,162,132,block/oxidized_chiseled_copper.png
oxidized_copper,82,163,133,block/oxidized_copper.png
oxidized_copper_bars,64,123,101,block/oxidized_copper_bars.png
oxidized_copper_bulb,70,132,109,block/oxidized_copper_bulb.png
oxidized_copper_bulb_lit,135,154,104,block/oxidized_copper_bulb_lit.png
oxidized_copper_bulb_lit_powered,136,153,103,block/oxidized_copper_bulb_lit_powered.png
oxidized_copper_bulb_powered,72,131,108,block/oxidized_copper_bulb_powered.png
oxidized_copper_chain,62,118,99,block/oxidized_copper_chain.png
oxidized_copper_door_bottom,80,153,127,block/oxidized_copper_door_bottom.png
oxidized_copper_door_top,82,160,133,block/oxidized_copper_door_top.png
oxidized_copper_grate,82,161,131,block/oxidized_copper_grate.png
oxidized_copper_lantern,78,139,111,block/oxidized_copper_lantern.png
oxidized_copper_trapdoor,84,161,132,block/oxidized_copper_trapdoor.png
oxidized_cut_copper,80,154,126,block/oxidized_cut_copper.png
oxidized_lightning_rod,79,154,128,block/oxidized_lightning_rod.png
packed_ice,142,180,250,block/packed_ice.png
packed_mud,142,107,80,block/packed_mud.png
pale_hanging_moss,99,104,98,block/pale_hanging_moss.png
pale_hanging_moss_tip,103,108,102,block/pale_hanging_moss_tip.png
pale_moss_block,107,112,105,block/pale_moss_block.png
pale_moss_carpet,107,112,105,block/pale_moss_carpet.png
pale_moss_carpet_side_small,112,118,110,block/pale_moss_carpet_side_small.png
pale_moss_carpet_side_tall,103,108,102,block/pale_moss_carpet_side_tall.png
pale_oak_door_bottom,199,190,189,block/pale_oak_door_bottom.png
pale_oak_door_top,216,208,207,block/pale_oak_door_top.png
pale_oak_leaves,117,122,115,block/pale_oak_leaves.png
pale_oak_log,88,78,75,block/pale_oak_log.png
pale_oak_log_top,199,189,188,block/pale_oak_log_top.png
pale_oak_planks,228,218,216,block/pale_oak_planks.png
pale_oak_sapling,110,106,100,block/pale_oak_sapling.png
pale_oak_shelf,228,217,216,block/pale_oak_shelf.png
pale_oak_trapdoor,230,220,219,block/pale_oak_trapdoor.png
pearlescent_froglight_side,236,225,229,block/pearlescent_froglight_side.png
pearlescent_froglight_top,246,240,240,block/pearlescent_froglight_top.png
peony_bottom,87,101,94,block/peony_bottom.png
peony_top,130,127,139,block/peony_top.png
pink_candle,208,102,142,block/pink_candle.png
pink_candle_lit,218,131,151,block/pink_candle_lit.png
pink_concrete,214,101,143,block/pink_concrete.png
pink_concrete_powder,229,153,181,block/pink_concrete_powder.png
pink_glazed_terracotta,235,155,182,block/pink_glazed_terracotta.png
pink_petals,247,181,219,block/pink_petals.png
pink_petals_stem,169,169,169,block/pink_petals_stem.png
pink_shulker_box,230,122,158,block/pink_shulker_box.png
pink_stained_glass,242,127,165,block/pink_stained_glass.png
pink_stained_glass_pane_top,233,123,160,block/pink_stained_glass_pane_top.png
pink_terracotta,162,78,79,block/pink_terracotta.png
pink_tulip,99,157,78,block/pink_tulip.png
pink_wool,238,141,172,block/pink_wool.png
piston_bottom,97,97,97,block/piston_bottom.png
piston_inner,97,97,97,block/piston_inner.png
piston_side,110,105,97,block/piston_side.png
piston_top,153,128,85,block/piston_top.png
piston_top_sticky,123,149,92,block/piston_top_sticky.png
pitcher_crop_bottom,100,58,37,block/pitcher_crop_bottom.png
pitcher_crop_bottom_stage_1,142,155,87,block/pitcher_crop_bottom_stage_1.png
pitcher_crop_bottom_stage_2,115,129,80,block/pitcher_crop_bottom_stage_2.png
pitcher_crop_bottom_stage_3,107,125,75,block/pitcher_crop_bottom_stage_3.png
pitcher_crop_bottom_stage_4,104,126,93,block/pitcher_crop_bottom_stage_4.png
pitcher_crop_side,178,126,81,block/pitcher_crop_side.png
pitcher_crop_top,194,166,103,block/pitcher_crop_top.png
pitcher_crop_top_stage_3,143,185,138,block/pitcher_crop_top_stage_3.png
pitcher_crop_top_stage_4,122,144,189,block/pitcher_crop_top_stage_4.png
podzol_side,123,88,57,block/podzol_side.png
podzol_top,92,63,24,block/podzol_top.png
pointed_dripstone_down_base,129,103,90,block/pointed_dripstone_down_base.png
pointed_dripstone_down_frustum,129,103,89,block/pointed_dripstone_down_frustum.png
pointed_dripstone_down_middle,130,104,90,block/pointed_dripstone_down_middle.png
pointed_dripstone_down_tip,137,109,94,block/pointed_dripstone_down_tip.png
pointed_dripstone_down_tip_merge,139,112,95,block/pointed_dripstone_down_tip_merge.png
pointed_dripstone_up_base,129,103,90,block/pointed_dripstone_up_base.png
pointed_dripstone_up_frustum,129,103,89,block/pointed_dripstone_up_frustum.png
pointed_dripstone_up_middle,130,104,90,block/pointed_dripstone_up_middle.png
pointed_dripstone_up_tip,137,109,94,block/pointed_dripstone_up_tip.png
pointed_dripstone_up_tip_merge,139,112,95,block/pointed_dripstone_up_tip_merge.png
polished_andesite,132,135,134,block/polished_andesite.png
polished_basalt_side,89,88,92,block/polished_basalt_side.png
polished_basalt_top,99,99,101,block/polished_basalt_top.png
polished_blackstone,53,49,57,block/polished_blackstone.png
polished_blackstone_bricks,48,43,50,block/polished_blackstone_bricks.png
polished_deepslate,72,73,73,block/polished_deepslate.png
polished_diorite,193,193,195,block/polished_diorite.png
polished_granite,154,107,89,block/polished_granite.png
polished_tuff,98,104,100,block/polished_tuff.png
poppy,129,65,38,block/poppy.png
potatoes_stage0,59,130,41,block/potatoes_stage0.png
potatoes_stage1,69,132,43,block/potatoes_stage1.png
potatoes_stage2,86,129,48,block/potatoes_stage2.png
potatoes_stage3,85,135,47,block/potatoes_stage3.png
potted_azalea_bush_plant,93,108,43,block/potted_azalea_bush_plant.png
potted_azalea_bush_side,96,119,47,block/potted_azalea_bush_side.png
potted_azalea_bush_top,101,123,48,block/potted_azalea_bush_top.png
potted_flowering_azalea_bush_plant,100,104,56,block/potted_flowering_azalea_bush_plant.png
potted_flowering_azalea_bush_side,110,114,70,block/potted_flowering_azalea_bush_side.png
potted_flowering_azalea_bush_top,115,120,70,block/potted_flowering_azalea_bush_top.png
powder_snow,248,253,253,block/powder_snow.png
powered_rail,138,110,74,block/powered_rail.png
powered_rail_on,154,110,74,block/powered_rail_on.png
prismarine,99,156,151,block/prismarine.png
prismarine_bricks,99,172,158,block/prismarine_bricks.png
pumpkin_side,196,115,24,block/pumpkin_side.png
pumpkin_stem,154,154,154,block/pumpkin_stem.png
pumpkin_top,198,119,24,block/pumpkin_top.png
purple_candle,105,34,159,block/purple_candle.png
purple_candle_lit,125,34,145,block/purple_candle_lit.png
purple_concrete,100,32,156,block/purple_concrete.png
purple_concrete_powder,132,56,178,block/purple_concrete_powder.png
purple_glazed_terracotta,110,48,152,block/purple_glazed_terracotta.png
purple_shulker_box,103,32,156,block/purple_shulker_box.png
purple_stained_glass,127,63,178,block/purple_stained_glass.png
purple_stained_glass_pane_top,123,61,171,block/purple_stained_glass_pane_top.png
purple_terracotta,118,70,86,block/purple_terracotta.png
purple_wool,122,42,173,block/purple_wool.png
purpur_block,170,126,170,block/purpur_block.png
purpur_pillar,172,130,172,block/purpur_pillar.png
purpur_pillar_top,172,128,171,block/purpur_pillar_top.png
quartz_block_bottom,237,230,224,block/quartz_block_bottom.png
quartz_block_side,236,230,223,block/quartz_block_side.png
quartz_block_top,236,230,223,block/quartz_block_top.png
quartz_bricks,235,229,222,block/quartz_bricks.png
quartz_pillar,236,231,224,block/quartz_pillar.png
quartz_pillar_top,235,230,223,block/quartz_pillar_top.png
rail,126,112,89,block/rail.png
rail_corner,130,115,90,block/rail_corner.png
raw_copper_block,154,106,79,block/raw_copper_block.png
raw_gold_block,222,169,47,block/raw_gold_block.png
raw_iron_block,166,136,107,block/raw_iron_block.png
red_candle,153,39,36,block/red_candle.png
red_candle_lit,181,65,47,block/red_candle_lit.png
red_concrete,142,33,33,block/red_concrete.png
red_concrete_powder,168,54,51,block/red_concrete_powder.png
red_glazed_terracotta,182,60,53,block/red_glazed_terracotta.png
red_mushroom,217,75,68,block/red_mushroom.png
red_mushroom_block,200,47,45,block/red_mushroom_block.png
red_nether_bricks,70,7,9,block/red_nether_bricks.png
red_sand,191,103,33,block/red_sand.png
red_sandstone,187,99,29,block/red_sandstone.png
red_sandstone_bottom,186,98,28,block/red_sandstone_bottom.png
red_sandstone_top,181,98,31,block/red_sandstone_top.png
red_shulker_box,140,31,30,block/red_shulker_box.png
red_stained_glass,153,51,51,block/red_stained_glass.png
red_stained_glass_pane_top,147,49,49,block/red_stained_glass_pane_top.png
red_terracotta,143,61,47,block/red_terracotta.png
red_tulip,90,129,33,block/red_tulip.png
red_wool,161,39,35,block/red_wool.png
redstone_block,176,25,5,block/redstone_block.png
redstone_dust_dot,240,240,240,block/redstone_dust_dot.png
redstone_dust_line0,240,240,240,block/redstone_dust_line0.png
redstone_dust_line1,240,240,240,block/redstone_dust_line1.png
redstone_dust_overlay,0,0,0,block/redstone_dust_overlay.png
redstone_lamp,95,55,30,block/redstone_lamp.png
redstone_lamp_on,143,102,61,block/redstone_lamp_on.png
redstone_ore,140,110,110,block/redstone_ore.png
redstone_torch,182,59,44,block/redstone_torch.png
redstone_torch_off,101,70,44,block/redstone_torch_off.png
reinforced_deepslate_bottom,79,82,80,block/reinforced_deepslate_bottom.png
reinforced_deepslate_side,102,109,101,block/reinforced_deepslate_side.png
reinforced_deepslate_top,80,83,79,block/reinforced_deepslate_top.png
repeater,160,157,156,block/repeater.png
repeater_on,169,157,156,block/repeater_on.png
repeating_command_block_back,128,110,167,block/repeating_command_block_back.png
repeating_command_block_conditional,127,109,172,block/repeating_command_block_conditional.png
repeating_command_block_front,129,111,176,block/repeating_command_block_front.png
repeating_command_block_side,129,110,171,block/repeating_command_block_side.png
resin_block,217,99,25,block/resin_block.png
resin_bricks,206,88,24,block/resin_bricks.png
resin_clump,223,112,27,block/resin_clump.png
respawn_anchor_bottom,33,10,60,block/respawn_anchor_bottom.png
respawn_anchor_side0,40,24,63,block/respawn_anchor_side0.png
respawn_anchor_side1,42,27,65,block/respawn_anchor_side1.png
respawn_anchor_side2,45,28,66,block/respawn_anchor_side2.png
respawn_anchor_side3,47,30,67,block/respawn_anchor_side3.png
respawn_anchor_side4,50,32,68,block/respawn_anchor_side4.png
respawn_anchor_top,76,24,150,block/respawn_anchor_top.png
respawn_anchor_top_off,34,22,52,block/respawn_anchor_top_off.png
rooted_dirt,144,104,77,block/rooted_dirt.png
rose_bush_bottom,98,84,38,block/rose_bush_bottom.png
rose_bush_top,131,66,37,block/rose_bush_top.png
sand,219,207,163,block/sand.png
sandstone,216,203,156,block/sandstone.png
sandstone_bottom,216,202,154,block/sandstone_bottom.png
sandstone_top,224,214,170,block/sandstone_top.png
scaffolding_bottom,194,173,80,block/scaffolding_bottom.png
scaffolding_side,193,170,79,block/scaffolding_side.png
scaffolding_top,170,132,73,block/scaffolding_top.png
sculk,13,30,36,block/sculk.png
sculk_catalyst_bottom,89,109,109,block/sculk_catalyst_bottom.png
sculk_catalyst_side,77,94,90,block/sculk_catalyst_side.png
sculk_catalyst_side_bloom,77,97,93,block/sculk_catalyst_side_bloom.png
sculk_catalyst_top,15,32,38,block/sculk_catalyst_top.png
sculk_catalyst_top_bloom,16,45,51,block/sculk_catalyst_top_bloom.png
sculk_sensor_bottom,13,28,34,block/sculk_sensor_bottom.png
sculk_sensor_side,10,39,47,block/sculk_sensor_side.png
sculk_sensor_tendril_active,9,123,127,block/sculk_sensor_tendril_active.png
sculk_sensor_tendril_inactive,15,66,77,block/sculk_sensor_tendril_inactive.png
sculk_sensor_top,7,70,84,block/sculk_sensor_top.png
sculk_shrieker_bottom,13,28,34,block/sculk_shrieker_bottom.png
sculk_shrieker_can_summon_inner_top,31,65,66,block/sculk_shrieker_can_summon_inner_top.png
sculk_shrieker_inner_top,30,54,55,block/sculk_shrieker_inner_top.png
sculk_shrieker_side,75,101,95,block/sculk_shrieker_side.png
sculk_shrieker_top,199,205,170,block/sculk_shrieker_top.png
sculk_vein,8,48,58,block/sculk_vein.png
sea_lantern,172,200,190,block/sea_lantern.png
sea_pickle,90,97,40,block/sea_pickle.png
seagrass,51,127,8,block/seagrass.png
short_dry_grass,187,159,108,block/short_dry_grass.png
short_grass,146,145,146,block/short_grass.png
shroomlight,241,147,71,block/shroomlight.png
shulker_box,139,97,139,block/shulker_box.png
slime_block,112,192,92,block/slime_block.png
small_amethyst_bud,132,99,192,block/small_amethyst_bud.png
small_dripleaf_side,108,128,49,block/small_dripleaf_side.png
small_dripleaf_stem_bottom,95,122,45,block/small_dripleaf_stem_bottom.png
small_dripleaf_stem_top,97,121,46,block/small_dripleaf_stem_top.png
small_dripleaf_top,95,120,46,block/small_dripleaf_top.png
smithing_table_bottom,64,28,24,block/smithing_table_bottom.png
smithing_table_front,57,37,39,block/smithing_table_front.png
smithing_table_side,55,35,36,block/smithing_table_side.png
smithing_table_top,57,59,71,block/smithing_table_top.png
smoker_bottom,107,106,104,block/smoker_bottom.png
smoker_front,88,75,58,block/smoker_front.png
smoker_front_on,119,97,67,block/smoker_front_on.png
smoker_side,103,92,76,block/smoker_side.png
smoker_top,85,84,81,block/smoker_top.png
smooth_basalt,73,72,78,block/smooth_basalt.png
smooth_stone,159,159,159,block/smooth_stone.png
smooth_stone_slab_side,168,168,168,block/smooth_stone_slab_side.png
sniffer_egg_not_cracked_bottom,73,25,26,block/sniffer_egg_not_cracked_bottom.png
sniffer_egg_not_cracked_east,94,73,49,block/sniffer_egg_not_cracked_east.png
sniffer_egg_not_cracked_north,92,77,51,block/sniffer_egg_not_cracked_north.png
sniffer_egg_not_cracked_south,93,78,52,block/sniffer_egg_not_cracked_south.png
sniffer_egg_not_cracked_top,135,105,68,block/sniffer_egg_not_cracked_top.png
sniffer_egg_not_cracked_west,90,79,52,block/sniffer_egg_not_cracked_west.png
sniffer_egg_slightly_cracked_bottom,71,25,26,block/sniffer_egg_slightly_cracked_bottom.png
sniffer_egg_slightly_cracked_east,90,68,47,block/sniffer_egg_slightly_cracked_east.png
sniffer_egg_slightly_cracked_north,89,72,49,block/sniffer_egg_slightly_cracked_north.png
sniffer_egg_slightly_cracked_south,90,73,50,block/sniffer_egg_slightly_cracked_south.png
sniffer_egg_slightly_cracked_top,129,97,62,block/sniffer_egg_slightly_cracked_top.png
sniffer_egg_slightly_cracked_west,89,76,51,block/sniffer_egg_slightly_cracked_west.png
sniffer_egg_very_cracked_bottom,70,25,26,block/sniffer_egg_very_cracked_bottom.png
sniffer_egg_very_cracked_east,86,65,46,block/sniffer_egg_very_cracked_east.png
sniffer_egg_very_cracked_north,86,68,47,block/sniffer_egg_very_cracked_north.png
sniffer_egg_very_cracked_south,85,69,48,block/sniffer_egg_very_cracked_south.png
sniffer_egg_very_cracked_top,120,89,58,block/sniffer_egg_very_cracked_top.png
sniffer_egg_very_cracked_west,83,71,49,block/sniffer_egg_very_cracked_west.png
snow,249,254,254,block/snow.png
soul_campfire_fire,81,205,208,block/soul_campfire_fire.png
soul_campfire_log_lit,70,107,105,block/soul_campfire_log_lit.png
soul_fire_0,51,193,197,block/soul_fire_0.png
soul_fire_1,55,193,198,block/soul_fire_1.png
soul_lantern,72,99,115,block/soul_lantern.png
soul_sand,81,62,51,block/soul_sand.png
soul_soil,76,58,47,block/soul_soil.png
soul_torch,109,115,90,block/soul_torch.png
spawner,36,46,63,block/spawner.png
sponge,196,192,75,block/sponge.png
spore_blossom,207,97,159,block/spore_blossom.png
spore_blossom_base,113,142,50,block/spore_blossom_base.png
spruce_door_bottom,106,80,49,block/spruce_door_bottom.png
spruce_door_top,106,80,49,block/spruce_door_top.png
spruce_leaves,126,126,126,block/spruce_leaves.png
spruce_log,59,38,17,block/spruce_log.png
spruce_log_top,109,80,47,block/spruce_log_top.png
spruce_planks,115,85,49,block/spruce_planks.png
spruce_sapling,45,60,37,block/spruce_sapling.png
spruce_shelf,104,83,48,block/spruce_shelf.png
spruce_trapdoor,104,79,48,block/spruce_trapdoor.png
stone,126,126,126,block/stone.png
stone_bricks,122,122,122,block/stone_bricks.png
stonecutter_bottom,118,118,118,block/stonecutter_bottom.png
stonecutter_saw,222,222,222,block/stonecutter_saw.png
stonecutter_side,107,90,78,block/stonecutter_side.png
stonecutter_top,123,119,111,block/stonecutter_top.png
stripped_acacia_log,175,93,60,block/stripped_acacia_log.png
stripped_acacia_log_top,166,91,52,block/stripped_acacia_log_top.png
stripped_bamboo_block,193,173,80,block/stripped_bamboo_block.png
stripped_bamboo_block_top,178,159,73,block/stripped_bamboo_block_top.png
stripped_birch_log,197,176,118,block/stripped_birch_log.png
stripped_birch_log_top,191,172,116,block/stripped_birch_log_top.png
stripped_cherry_log,215,145,149,block/stripped_cherry_log.png
stripped_cherry_log_top,221,165,158,block/stripped_cherry_log_top.png
stripped_crimson_stem,137,57,90,block/stripped_crimson_stem.png
stripped_crimson_stem_top,122,56,83,block/stripped_crimson_stem_top.png
stripped_dark_oak_log,73,57,36,block/stripped_dark_oak_log.png
stripped_dark_oak_log_top,66,44,23,block/stripped_dark_oak_log_top.png
stripped_jungle_log,171,133,85,block/stripped_jungle_log.png
stripped_jungle_log_top,166,123,82,block/stripped_jungle_log_top.png
stripped_mangrove_log,120,54,48,block/stripped_mangrove_log.png
stripped_mangrove_log_top,109,44,43,block/stripped_mangrove_log_top.png
stripped_oak_log,177,144,86,block/stripped_oak_log.png
stripped_oak_log_top,160,130,77,block/stripped_oak_log_top.png
stripped_pale_oak_log,246,238,237,block/stripped_pale_oak_log.png
stripped_pale_oak_log_top,235,227,226,block/stripped_pale_oak_log_top.png
stripped_spruce_log,116,90,52,block/stripped_spruce_log.png
stripped_spruce_log_top,106,80,47,block/stripped_spruce_log_top.png
stripped_warped_stem,58,151,148,block/stripped_warped_stem.png
stripped_warped_stem_top,52,129,124,block/stripped_warped_stem_top.png
structure_block,89,74,90,block/structure_block.png
structure_block_corner,68,58,70,block/structure_block_corner.png
structure_block_data,79,66,81,block/structure_block_data.png
structure_block_load,69,58,71,block/structure_block_load.png
structure_block_save,86,72,88,block/structure_block_save.png
sugar_cane,149,193,101,block/sugar_cane.png
sunflower_back,55,128,35,block/sunflower_back.png
sunflower_bottom,57,135,31,block/sunflower_bottom.png
sunflower_front,246,197,54,block/sunflower_front.png
sunflower_top,50,129,27,block/sunflower_top.png
suspicious_gravel_0,130,125,124,block/suspicious_gravel_0.png
suspicious_gravel_1,129,124,123,block/suspicious_gravel_1.png
suspicious_gravel_2,126,121,120,block/suspicious_gravel_2.png
suspicious_gravel_3,124,119,118,block/suspicious_gravel_3.png
suspicious_sand_0,218,204,159,block/suspicious_sand_0.png
suspicious_sand_1,217,203,157,block/suspicious_sand_1.png
suspicious_sand_2,214,199,151,block/suspicious_sand_2.png
suspicious_sand_3,211,193,145,block/suspicious_sand_3.png
sweet_berry_bush_stage0,43,90,56,block/sweet_berry_bush_stage0.png
sweet_berry_bush_stage1,48,94,58,block/sweet_berry_bush_stage1.png
sweet_berry_bush_stage2,60,88,56,block/sweet_berry_bush_stage2.png
sweet_berry_bush_stage3,68,78,51,block/sweet_berry_bush_stage3.png
tall_dry_grass,197,172,123,block/tall_dry_grass.png
tall_grass_bottom,128,128,128,block/tall_grass_bottom.png
tall_grass_top,151,149,151,block/tall_grass_top.png
tall_seagrass_bottom,45,117,4,block/tall_seagrass_bottom.png
tall_seagrass_top,59,139,14,block/tall_seagrass_top.png
target_side,229,176,168,block/target_side.png
target_top,226,170,158,block/target_top.png
terracotta,152,94,68,block/terracotta.png
test_block_accept,132,191,117,block/test_block_accept.png
test_block_fail,125,113,171,block/test_block_fail.png
test_block_log,143,176,214,block/test_block_log.png
test_block_start,191,158,120,block/test_block_start.png
test_instance_block,127,121,119,block/test_instance_block.png
tinted_glass,44,39,46,block/tinted_glass.png
tnt_bottom,167,67,53,block/tnt_bottom.png
tnt_side,182,88,84,block/tnt_side.png
tnt_top,143,62,54,block/tnt_top.png
torch,139,113,64,block/torch.png
torchflower,101,101,77,block/torchflower.png
torchflower_crop_stage0,29,98,67,block/torchflower_crop_stage0.png
torchflower_crop_stage1,65,109,76,block/torchflower_crop_stage1.png
trial_spawner_bottom,42,59,76,block/trial_spawner_bottom.png
trial_spawner_side_active,54,66,77,block/trial_spawner_side_active.png
trial_spawner_side_active_ominous,46,66,82,block/trial_spawner_side_active_ominous.png
trial_spawner_side_inactive,48,68,83,block/trial_spawner_side_inactive.png
trial_spawner_side_inactive_ominous,40,58,74,block/trial_spawner_side_inactive_ominous.png
trial_spawner_top_active,63,81,92,block/trial_spawner_top_active.png
trial_spawner_top_active_ominous,49,84,100,block/trial_spawner_top_active_ominous.png
trial_spawner_top_ejecting_reward,47,53,62,block/trial_spawner_top_ejecting_reward.png
trial_spawner_top_ejecting_reward_ominous,33,56,70,block/trial_spawner_top_ejecting_reward_ominous.png
trial_spawner_top_inactive,57,83,99,block/trial_spawner_top_inactive.png
trial_spawner_top_inactive_ominous,49,74,91,block/trial_spawner_top_inactive_ominous.png
tripwire,129,129,129,block/tripwire.png
tripwire_hook,143,133,118,block/tripwire_hook.png
tube_coral,48,83,197,block/tube_coral.png
tube_coral_block,49,87,207,block/tube_coral_block.png
tube_coral_fan,51,92,209,block/tube_coral_fan.png
tuff,108,109,103,block/tuff.png
tuff_bricks,98,103,95,block/tuff_bricks.png
turtle_egg,228,227,192,block/turtle_egg.png
turtle_egg_slightly_cracked,218,215,178,block/turtle_egg_slightly_cracked.png
turtle_egg_very_cracked,208,204,165,block/turtle_egg_very_cracked.png
twisting_vines,20,143,124,block/twisting_vines.png
twisting_vines_plant,20,136,122,block/twisting_vines_plant.png
vault_bottom,44,43,56,block/vault_bottom.png
vault_bottom_ominous,44,43,56,block/vault_bottom_ominous.png
vault_front_ejecting,60,64,66,block/vault_front_ejecting.png
vault_front_ejecting_ominous,50,67,72,block/vault_front_ejecting_ominous.png
vault_front_off,51,66,74,block/vault_front_off.png
vault_front_off_ominous,56,65,70,block/vault_front_off_ominous.png
vault_front_on,60,63,66,block/vault_front_on.png
vault_front_on_ominous,52,68,72,block/vault_front_on_ominous.png
vault_side_off,55,69,75,block/vault_side_off.png
vault_side_off_ominous,55,69,75,block/vault_side_off_ominous.png
vault_side_on,63,67,66,block/vault_side_on.png
vault_side_on_ominous,46,71,76,block/vault_side_on_ominous.png
vault_top,55,70,79,block/vault_top.png
vault_top_ejecting,43,47,55,block/vault_top_ejecting.png
vault_top_ejecting_ominous,45,47,51,block/vault_top_ejecting_ominous.png
vault_top_ominous,69,73,71,block/vault_top_ominous.png
verdant_froglight_side,211,235,208,block/verdant_froglight_side.png
verdant_froglight_top,229,244,228,block/verdant_froglight_top.png
vine,116,116,116,block/vine.png
warped_door_bottom,43,119,112,block/warped_door_bottom.png
warped_door_top,45,127,121,block/warped_door_top.png
warped_fungus,74,109,88,block/warped_fungus.png
warped_nylium,43,114,101,block/warped_nylium.png
warped_nylium_side,73,62,60,block/warped_nylium_side.png
warped_planks,43,105,99,block/warped_planks.png
warped_roots,20,138,124,block/warped_roots.png
warped_roots_pot,21,137,123,block/warped_roots_pot.png
warped_shelf,51,141,134,block/warped_shelf.png
warped_stem,58,59,78,block/warped_stem.png
warped_stem_top,53,110,110,block/warped_stem_top.png
warped_trapdoor,47,120,112,block/warped_trapdoor.png
warped_wart_block,23,120,121,block/warped_wart_block.png
water_flow,169,169,169,block/water_flow.png
water_overlay,165,165,165,block/water_overlay.png
water_still,177,177,177,block/water_still.png
weathered_chiseled_copper,105,151,111,block/weathered_chiseled_copper.png
weathered_copper,108,153,110,block/weathered_copper.png
weathered_copper_bars,85,123,94,block/weathered_copper_bars.png
weathered_copper_bulb,92,127,99,block/weathered_copper_bulb.png
weathered_copper_bulb_lit,156,157,99,block/weathered_copper_bulb_lit.png
weathered_copper_bulb_lit_powered,158,156,98,block/weathered_copper_bulb_lit_powered.png
weathered_copper_bulb_powered,94,125,98,block/weathered_copper_bulb_powered.png
weathered_copper_chain,73,109,92,block/weathered_copper_chain.png
weathered_copper_door_bottom,107,143,102,block/weathered_copper_door_bottom.png
weathered_copper_door_top,110,151,110,block/weathered_copper_door_top.png
weathered_copper_grate,106,153,111,block/weathered_copper_grate.png
weathered_copper_lantern,96,134,100,block/weathered_copper_lantern.png
weathered_copper_trapdoor,109,153,110,block/weathered_copper_trapdoor.png
weathered_cut_copper,109,145,108,block/weathered_cut_copper.png
weathered_lightning_rod,97,142,105,block/weathered_lightning_rod.png
weeping_vines,105,1,0,block/weeping_vines.png
weeping_vines_plant,133,16,12,block/weeping_vines_plant.png
wet_sponge,171,181,70,block/wet_sponge.png
wheat_stage0,9,128,16,block/wheat_stage0.png
wheat_stage1,6,128,8,block/wheat_stage1.png
wheat_stage2,7,133,13,block/wheat_stage2.png
wheat_stage3,11,131,13,block/wheat_stage3.png
wheat_stage4,37,133,18,block/wheat_stage4.png
wheat_stage5,64,129,19,block/wheat_stage5.png
wheat_stage6,142,133,37,block/wheat_stage6.png
wheat_stage7,167,152,73,block/wheat_stage7.png
white_candle,210,217,218,block/white_candle.png
white_candle_lit,218,217,206,block/white_candle_lit.png
white_concrete,207,213,214,block/white_concrete.png
white_concrete_powder,226,227,228,block/white_concrete_powder.png
white_glazed_terracotta,188,212,203,block/white_glazed_terracotta.png
white_shulker_box,216,221,221,block/white_shulker_box.png
white_stained_glass,255,255,255,block/white_stained_glass.png
white_stained_glass_pane_top,246,246,246,block/white_stained_glass_pane_top.png
white_terracotta,210,178,161,block/white_terracotta.png
white_tulip,94,165,71,block/white_tulip.png
white_wool,234,236,237,block/white_wool.png
wildflowers,237,214,117,block/wildflowers.png
wildflowers_stem,169,169,169,block/wildflowers_stem.png
wither_rose,41,45,23,block/wither_rose.png
yellow_candle,209,165,50,block/yellow_candle.png
yellow_candle_lit,217,184,75,block/yellow_candle_lit.png
yellow_concrete,241,175,21,block/yellow_concrete.png
yellow_concrete_powder,233,199,55,block/yellow_concrete_powder.png
yellow_glazed_terracotta,234,192,89,block/yellow_glazed_terracotta.png
yellow_shulker_box,248,189,29,block/yellow_shulker_box.png
yellow_stained_glass,229,229,51,block/yellow_stained_glass.png
yellow_stained_glass_pane_top,221,221,49,block/yellow_stained_glass_pane_top.png
yellow_terracotta,186,133,35,block/yellow_terracotta.png
yellow_wool,249,198,40,block/yellow_wool.png
